Date,HomeTeam,AwayTeam,Full Time Home Goals,Full Time Away Goals,Home Shots,Away Shots,Home Shots on Target,Away Shots on Target,Home Fouls,Away Fouls,Home Corners,Away Corners,Home Yellow Cards,Away Yellow Cards,Home Red Cards,Away Red Cards,Full Time Result
14-08-04,Aston Villa,Southampton,2,0,14,6,5,2,14,9,12,6,0,0,0,0,H
14-08-04,Blackburn,West Brom,1,1,12,4,4,2,15,17,4,5,1,0,0,0,D
14-08-04,Bolton,Charlton,4,1,21,9,11,5,10,12,9,5,1,1,0,0,H
14-08-04,Man City,Fulham,1,1,12,4,5,2,14,12,9,4,0,2,0,0,D
14-08-04,Middlesbrough,Newcastle,2,2,15,11,8,4,16,13,6,7,3,1,0,0,D
14-08-04,Norwich,Crystal Palace,1,1,14,14,10,8,14,16,6,11,0,1,0,0,D
14-08-04,Portsmouth,Birmingham,1,1,14,16,8,11,13,16,8,4,2,4,0,0,D
14-08-04,Tottenham,Liverpool,1,1,14,16,7,8,17,11,3,8,3,1,0,0,D
15-08-04,Chelsea,Man United,1,0,8,11,5,3,17,8,2,3,0,0,0,0,H
15-08-04,Everton,Arsenal,1,4,9,18,5,14,14,19,0,7,2,1,0,0,A
21-08-04,Birmingham,Chelsea,0,1,9,7,3,3,10,16,8,2,0,0,0,0,A
21-08-04,Charlton,Portsmouth,2,1,18,10,14,6,9,11,5,6,0,1,0,0,H
21-08-04,Crystal Palace,Everton,1,3,15,14,9,7,6,18,6,6,1,1,0,1,A
21-08-04,Fulham,Bolton,2,0,23,10,12,4,11,13,8,4,0,0,0,0,H
21-08-04,Liverpool,Man City,2,1,15,7,10,4,9,17,8,3,1,3,0,1,H
21-08-04,Man United,Norwich,2,1,17,7,7,2,8,23,11,5,0,1,0,0,H
21-08-04,Newcastle,Tottenham,0,1,13,15,6,8,10,12,13,3,1,2,0,0,A
21-08-04,Southampton,Blackburn,3,2,13,10,7,6,12,18,3,6,0,3,0,0,H
22-08-04,Arsenal,Middlesbrough,5,3,16,9,11,5,8,14,7,5,1,1,0,0,H
22-08-04,West Brom,Aston Villa,1,1,14,9,5,4,12,20,12,4,2,2,0,0,D
24-08-04,Birmingham,Man City,1,0,6,4,2,1,20,13,2,5,1,1,0,0,H
24-08-04,Crystal Palace,Chelsea,0,2,7,16,4,10,9,12,1,6,1,1,0,0,A
25-08-04,Arsenal,Blackburn,3,0,15,3,9,0,11,18,6,5,2,4,0,0,H
25-08-04,Charlton,Aston Villa,3,0,7,9,5,4,6,7,4,12,0,1,0,0,H
25-08-04,Fulham,Middlesbrough,0,2,6,10,2,5,10,8,1,6,0,1,0,0,A
25-08-04,Newcastle,Norwich,2,2,23,13,15,5,17,10,12,6,0,1,0,0,D
25-08-04,Southampton,Bolton,1,2,10,9,6,5,9,8,9,6,1,1,0,0,A
25-08-04,West Brom,Tottenham,1,1,4,12,2,6,13,10,4,5,0,0,0,0,D
28-08-04,Aston Villa,Newcastle,4,2,16,12,13,10,23,11,9,4,3,1,0,0,H
28-08-04,Blackburn,Man United,1,1,8,24,4,15,25,17,4,14,3,1,1,0,D
28-08-04,Chelsea,Southampton,2,1,16,6,7,2,11,12,9,0,0,4,0,0,H
28-08-04,Everton,West Brom,2,1,16,12,10,8,11,16,7,6,0,1,0,0,H
28-08-04,Man City,Charlton,4,0,16,6,10,3,11,8,6,4,0,1,0,0,H
28-08-04,Middlesbrough,Crystal Palace,2,1,24,6,15,2,16,16,4,2,1,2,0,0,H
28-08-04,Norwich,Arsenal,1,4,5,18,5,15,15,5,4,10,1,1,0,0,A
28-08-04,Tottenham,Birmingham,1,0,6,10,3,2,15,5,2,8,4,1,0,0,H
29-08-04,Bolton,Liverpool,1,0,10,7,8,2,15,14,5,2,2,0,0,0,H
30-08-04,Man United,Everton,0,0,14,7,6,2,8,13,8,2,0,2,0,0,D
30-08-04,Portsmouth,Fulham,4,3,21,18,13,10,12,12,6,8,0,2,0,0,H
11-09-04,Aston Villa,Chelsea,0,0,11,18,5,10,9,12,2,9,0,1,0,0,D
11-09-04,Bolton,Man United,2,2,12,12,7,7,22,15,4,7,2,1,0,0,D
11-09-04,Fulham,Arsenal,0,3,9,12,7,7,16,10,9,4,2,2,0,0,A
11-09-04,Liverpool,West Brom,3,0,16,9,9,5,9,11,8,6,0,0,0,0,H
11-09-04,Man City,Everton,0,1,13,6,4,5,14,9,9,6,1,3,0,1,A
11-09-04,Middlesbrough,Birmingham,2,1,14,5,6,3,16,19,6,3,2,3,0,0,H
11-09-04,Newcastle,Blackburn,3,0,7,5,4,1,10,19,8,5,2,1,0,0,H
11-09-04,Portsmouth,Crystal Palace,3,1,16,6,7,3,14,21,8,7,0,2,0,0,H
12-09-04,Tottenham,Norwich,0,0,15,7,7,2,17,9,13,5,2,1,0,0,D
13-09-04,Charlton,Southampton,0,0,8,12,4,7,12,13,9,10,0,1,0,0,D
18-09-04,Arsenal,Bolton,2,2,11,8,6,5,13,17,3,8,1,3,0,0,D
18-09-04,Birmingham,Charlton,1,1,7,2,5,1,12,16,12,3,3,2,1,0,D
18-09-04,Blackburn,Portsmouth,1,0,13,6,3,2,13,15,13,4,0,3,0,0,H
18-09-04,Crystal Palace,Man City,1,2,3,14,1,10,14,15,2,7,2,2,0,0,A
18-09-04,Norwich,Aston Villa,0,0,14,18,3,9,10,13,1,6,1,1,0,0,D
18-09-04,West Brom,Fulham,1,1,8,9,5,3,11,6,11,9,2,5,1,2,D
19-09-04,Chelsea,Tottenham,0,0,20,6,8,3,16,13,9,6,1,2,0,0,D
19-09-04,Everton,Middlesbrough,1,0,11,16,9,11,13,12,6,3,1,4,0,0,H
19-09-04,Southampton,Newcastle,1,2,11,9,6,3,15,11,7,6,0,3,0,0,A
20-09-04,Man United,Liverpool,2,1,14,6,9,3,22,15,7,2,1,2,0,0,H
25-09-04,Aston Villa,Crystal Palace,1,1,10,13,5,8,10,15,5,8,2,1,0,0,D
25-09-04,Bolton,Birmingham,1,1,16,6,12,2,7,18,7,2,2,1,0,0,D
25-09-04,Fulham,Southampton,1,0,11,15,6,5,11,19,5,4,0,1,0,0,H
25-09-04,Liverpool,Norwich,3,0,20,2,12,1,10,12,4,2,1,0,0,0,H
25-09-04,Man City,Arsenal,0,1,11,12,7,9,16,8,8,1,1,0,0,0,A
25-09-04,Middlesbrough,Chelsea,0,1,8,17,4,12,10,15,3,7,0,1,0,0,A
25-09-04,Newcastle,West Brom,3,1,31,7,10,3,15,15,8,3,3,2,0,1,H
25-09-04,Tottenham,Man United,0,1,11,6,5,4,9,10,3,3,1,0,0,0,A
26-09-04,Portsmouth,Everton,0,1,11,9,6,2,12,16,3,6,1,1,0,0,A
27-09-04,Charlton,Blackburn,1,0,6,12,3,7,18,14,6,10,1,1,0,0,H
02-10-04,Arsenal,Charlton,4,0,15,4,9,0,13,15,6,1,3,1,0,0,H
02-10-04,Blackburn,Aston Villa,2,2,13,15,7,9,14,17,5,8,2,2,0,0,D
02-10-04,Everton,Tottenham,0,1,10,8,4,2,9,13,11,2,1,2,0,0,A
02-10-04,Norwich,Portsmouth,2,2,17,13,9,5,13,7,8,2,1,4,0,0,D
02-10-04,Southampton,Man City,0,0,16,21,11,11,13,11,6,14,0,0,0,0,D
02-10-04,West Brom,Bolton,2,1,13,16,7,7,18,15,6,5,0,0,0,0,H
03-10-04,Birmingham,Newcastle,2,2,10,6,6,3,17,14,6,5,3,2,0,0,D
03-10-04,Chelsea,Liverpool,1,0,13,5,5,3,14,20,11,2,0,1,0,0,H
03-10-04,Man United,Middlesbrough,1,1,22,13,10,9,8,13,10,2,1,3,0,0,D
04-10-04,Crystal Palace,Fulham,2,0,20,8,10,5,10,10,10,3,1,1,0,1,H
16-10-04,Arsenal,Aston Villa,3,1,18,5,15,2,11,22,6,3,2,4,0,0,H
16-10-04,Birmingham,Man United,0,0,14,12,6,7,16,11,3,3,1,0,0,0,D
16-10-04,Blackburn,Middlesbrough,0,4,12,16,5,10,12,14,2,10,2,1,1,0,A
16-10-04,Bolton,Crystal Palace,1,0,21,7,7,2,19,14,7,3,1,1,0,0,H
16-10-04,Everton,Southampton,1,0,14,8,5,4,5,14,5,6,0,0,0,0,H
16-10-04,Fulham,Liverpool,2,4,5,10,3,3,12,14,3,6,1,3,0,1,A
16-10-04,Man City,Chelsea,1,0,4,9,1,3,6,7,0,12,1,2,0,0,H
16-10-04,West Brom,Norwich,0,0,9,12,2,5,13,21,2,3,2,2,0,0,D
17-10-04,Charlton,Newcastle,1,1,11,15,6,8,15,7,8,9,1,1,0,0,D
18-10-04,Portsmouth,Tottenham,1,0,11,16,6,7,12,11,3,5,0,0,0,0,H
23-10-04,Aston Villa,Fulham,2,0,11,7,5,1,21,14,8,4,0,1,0,0,H
23-10-04,Chelsea,Blackburn,4,0,17,7,13,4,11,11,12,3,1,2,0,0,H
23-10-04,Crystal Palace,West Brom,3,0,11,11,4,6,11,15,7,10,1,3,0,0,H
23-10-04,Liverpool,Charlton,2,0,17,3,7,1,9,11,12,0,0,1,0,0,H
23-10-04,Norwich,Everton,2,3,22,13,10,9,8,11,11,4,0,2,0,0,A
23-10-04,Tottenham,Bolton,1,2,8,6,5,4,14,17,2,3,0,0,0,0,A
24-10-04,Man United,Arsenal,2,0,11,12,5,6,20,23,3,3,2,3,0,0,H
24-10-04,Middlesbrough,Portsmouth,1,1,26,3,11,1,5,5,9,0,0,2,0,0,D
24-10-04,Newcastle,Man City,4,3,16,11,11,6,13,14,7,5,2,3,0,0,H
24-10-04,Southampton,Birmingham,0,0,6,8,1,2,11,11,4,4,0,1,0,0,D
30-10-04,Arsenal,Southampton,2,2,14,7,9,4,8,21,7,7,1,4,0,0,D
30-10-04,Birmingham,Crystal Palace,0,1,16,4,11,1,8,14,11,3,1,1,0,0,A
30-10-04,Blackburn,Liverpool,2,2,8,13,7,9,14,11,6,6,2,1,0,0,D
30-10-04,Charlton,Middlesbrough,1,2,8,11,7,7,14,8,3,4,3,0,0,0,A
30-10-04,Everton,Aston Villa,1,1,20,9,8,5,10,19,8,3,1,1,0,0,D
30-10-04,Fulham,Tottenham,2,0,8,5,4,1,11,9,5,4,0,1,0,0,H
30-10-04,Portsmouth,Man United,2,0,11,20,7,9,19,9,3,9,0,2,0,0,H
30-10-04,West Brom,Chelsea,1,4,12,19,9,9,12,8,2,6,1,0,0,0,A
31-10-04,Bolton,Newcastle,2,1,17,5,11,4,14,11,4,5,1,1,0,0,H
01-11-04,Man City,Norwich,1,1,19,10,11,5,10,13,9,4,1,0,0,0,D
06-11-04,Aston Villa,Portsmouth,3,0,10,7,9,2,8,13,6,4,1,1,0,0,H
06-11-04,Chelsea,Everton,1,0,12,3,3,1,10,15,16,3,1,3,0,0,H
06-11-04,Crystal Palace,Arsenal,1,1,3,19,1,13,10,8,1,8,0,1,0,0,D
06-11-04,Liverpool,Birmingham,0,1,17,6,8,1,19,17,4,5,3,1,0,0,A
06-11-04,Norwich,Blackburn,1,1,12,15,5,9,18,12,7,4,1,0,0,1,D
06-11-04,Southampton,West Brom,2,2,11,10,6,5,13,14,5,1,2,0,0,0,D
06-11-04,Tottenham,Charlton,2,3,19,3,11,3,6,13,5,1,0,2,0,1,A
07-11-04,Man United,Man City,0,0,15,3,10,1,10,10,16,1,2,2,1,0,D
07-11-04,Middlesbrough,Bolton,1,1,14,7,5,4,13,12,3,3,1,3,0,1,D
07-11-04,Newcastle,Fulham,1,4,26,11,20,7,12,16,19,0,1,1,0,0,A
13-11-04,Birmingham,Everton,0,1,15,9,4,8,13,12,5,3,0,1,1,0,A
13-11-04,Bolton,Aston Villa,1,2,15,10,7,5,10,17,9,5,1,1,0,0,A
13-11-04,Charlton,Norwich,4,0,16,8,11,4,14,11,1,5,0,3,0,0,H
13-11-04,Fulham,Chelsea,1,4,7,16,2,11,13,13,1,5,0,2,0,0,A
13-11-04,Liverpool,Crystal Palace,3,2,18,4,5,4,13,17,7,1,1,3,0,0,H
13-11-04,Man City,Blackburn,1,1,8,11,7,2,19,13,3,5,1,3,1,0,D
13-11-04,Southampton,Portsmouth,2,1,11,13,5,6,14,15,4,8,1,3,0,0,H
13-11-04,Tottenham,Arsenal,4,5,10,10,7,6,20,9,3,4,3,0,0,0,A
14-11-04,Newcastle,Man United,1,3,13,12,7,7,11,16,2,7,2,0,0,0,A
14-11-04,West Brom,Middlesbrough,1,2,16,11,6,7,14,14,7,10,0,0,0,0,A
20-11-04,Arsenal,West Brom,1,1,11,4,4,2,9,12,12,3,0,1,0,0,D
20-11-04,Chelsea,Bolton,2,2,17,10,11,5,18,11,9,2,1,0,0,0,D
20-11-04,Crystal Palace,Newcastle,0,2,7,17,5,9,13,10,3,5,1,3,0,0,A
20-11-04,Everton,Fulham,1,0,13,6,7,4,11,24,12,7,0,1,0,0,H
20-11-04,Man United,Charlton,2,0,20,5,11,2,8,13,6,3,0,0,0,0,H
20-11-04,Middlesbrough,Liverpool,2,0,14,17,6,10,14,10,3,5,3,2,0,0,H
20-11-04,Norwich,Southampton,2,1,9,14,8,7,19,14,4,6,1,1,0,0,H
20-11-04,Portsmouth,Man City,1,3,9,18,7,13,8,14,8,11,3,0,0,0,A
21-11-04,Blackburn,Birmingham,3,3,15,8,10,5,12,9,6,9,1,1,0,0,D
22-11-04,Aston Villa,Tottenham,1,0,9,11,5,6,17,11,5,5,0,0,0,0,H
27-11-04,Birmingham,Norwich,1,1,16,7,10,3,14,12,6,1,2,1,0,0,D
27-11-04,Bolton,Portsmouth,0,1,19,8,10,4,13,14,7,6,0,1,0,0,A
27-11-04,Charlton,Chelsea,0,4,8,16,4,12,13,11,7,10,0,1,0,0,A
27-11-04,Fulham,Blackburn,0,2,12,17,6,4,9,13,6,6,2,1,1,0,A
27-11-04,Man City,Aston Villa,2,0,11,7,6,3,14,19,8,8,1,1,0,1,H
27-11-04,Southampton,Crystal Palace,2,2,15,11,8,8,7,11,4,8,0,3,0,0,D
27-11-04,West Brom,Man United,0,3,3,18,2,9,13,11,1,8,0,0,0,0,A
28-11-04,Liverpool,Arsenal,2,1,11,3,7,2,6,16,6,0,0,2,0,0,H
28-11-04,Newcastle,Everton,1,1,19,7,9,3,14,19,8,4,1,3,0,0,D
28-11-04,Tottenham,Middlesbrough,2,0,14,8,9,3,11,13,5,7,1,2,0,1,H
04-12-04,Arsenal,Birmingham,3,0,7,2,4,1,7,15,4,2,0,1,0,0,H
04-12-04,Aston Villa,Liverpool,1,1,3,12,2,7,10,10,3,9,1,0,0,0,D
04-12-04,Blackburn,Tottenham,0,1,12,10,7,8,11,11,7,5,3,1,0,0,A
04-12-04,Chelsea,Newcastle,4,0,14,9,9,5,12,15,3,2,1,2,0,0,H
04-12-04,Everton,Bolton,3,2,12,10,3,6,14,18,4,4,0,3,0,0,H
04-12-04,Man United,Southampton,3,0,34,4,14,0,5,10,16,2,0,1,0,0,H
04-12-04,Norwich,Fulham,0,1,10,15,4,9,22,22,5,4,1,3,0,0,A
04-12-04,Portsmouth,West Brom,3,2,14,10,10,4,14,14,8,3,0,2,0,0,H
05-12-04,Crystal Palace,Charlton,0,1,5,11,3,7,16,14,5,3,2,3,0,0,A
06-12-04,Middlesbrough,Man City,3,2,11,9,7,6,14,18,6,4,0,3,0,0,H
11-12-04,Crystal Palace,Blackburn,0,0,8,16,1,8,19,20,2,1,3,3,0,1,D
11-12-04,Everton,Liverpool,1,0,6,16,2,5,12,14,2,7,2,3,0,0,H
11-12-04,Man City,Tottenham,0,1,8,5,3,2,8,9,6,2,1,2,0,0,A
11-12-04,Newcastle,Portsmouth,1,1,15,6,2,3,12,15,6,2,1,2,0,0,D
11-12-04,Norwich,Bolton,3,2,9,4,4,3,10,26,4,4,1,3,0,0,H
11-12-04,Southampton,Middlesbrough,2,2,16,15,5,7,11,12,4,6,1,1,0,0,D
11-12-04,West Brom,Charlton,0,1,7,8,4,2,16,13,6,6,0,0,0,0,A
12-12-04,Arsenal,Chelsea,2,2,10,10,5,5,11,17,4,6,1,3,0,0,D
12-12-04,Aston Villa,Birmingham,1,2,9,9,3,5,9,28,6,0,2,4,0,0,A
13-12-04,Fulham,Man United,1,1,7,14,3,6,15,11,6,7,2,1,0,0,D
14-12-04,Liverpool,Portsmouth,1,1,12,7,7,4,6,9,6,4,0,0,0,0,D
18-12-04,Birmingham,West Brom,4,0,7,11,5,9,14,20,2,2,0,4,0,0,H
18-12-04,Blackburn,Everton,0,0,13,5,9,2,25,21,7,3,1,2,0,0,D
18-12-04,Bolton,Man City,0,1,14,6,6,2,17,12,8,1,0,0,0,0,A
18-12-04,Chelsea,Norwich,4,0,12,1,8,0,12,11,7,3,0,0,0,0,H
18-12-04,Man United,Crystal Palace,5,2,19,4,14,3,12,8,15,3,0,1,0,0,H
18-12-04,Middlesbrough,Aston Villa,3,0,9,14,8,6,6,18,5,6,0,1,0,0,H
18-12-04,Tottenham,Southampton,5,1,18,7,12,4,9,13,6,3,0,2,0,0,H
19-12-04,Liverpool,Newcastle,3,1,15,7,5,3,12,19,5,5,0,3,0,1,H
19-12-04,Portsmouth,Arsenal,0,1,11,13,5,5,13,9,5,7,0,1,0,0,A
20-12-04,Charlton,Fulham,2,1,8,6,5,4,14,16,5,3,1,2,0,0,H
26-12-04,Arsenal,Fulham,2,0,11,2,8,1,12,9,7,6,1,2,0,0,H
26-12-04,Birmingham,Middlesbrough,2,0,11,9,10,6,17,9,5,3,1,0,0,0,H
26-12-04,Blackburn,Newcastle,2,2,21,5,11,3,18,19,7,5,1,2,0,0,D
26-12-04,Chelsea,Aston Villa,1,0,14,9,7,7,12,13,6,3,3,3,0,0,H
26-12-04,Crystal Palace,Portsmouth,0,1,18,11,10,6,10,14,9,7,0,2,0,0,A
26-12-04,Everton,Man City,2,1,9,10,6,6,14,21,4,4,1,2,0,1,H
26-12-04,Man United,Bolton,2,0,14,8,7,1,12,14,9,0,0,0,0,0,H
26-12-04,Norwich,Tottenham,0,2,13,16,8,9,11,9,10,8,1,0,0,0,A
26-12-04,Southampton,Charlton,0,0,12,15,4,5,7,12,5,11,1,0,0,0,D
26-12-04,West Brom,Liverpool,0,5,2,16,1,8,12,13,4,11,0,0,1,0,A
28-12-04,Aston Villa,Man United,0,1,8,15,6,7,14,10,6,9,0,3,0,0,A
28-12-04,Bolton,Blackburn,0,1,13,7,5,5,13,10,5,1,2,2,0,0,A
28-12-04,Charlton,Everton,2,0,12,5,8,3,13,11,8,2,0,0,0,1,H
28-12-04,Fulham,Birmingham,2,3,10,6,7,5,9,13,7,3,1,0,0,0,A
28-12-04,Liverpool,Southampton,1,0,19,3,11,2,6,12,7,3,0,3,0,0,H
28-12-04,Man City,West Brom,1,1,11,0,4,0,7,10,11,0,0,0,0,1,D
28-12-04,Middlesbrough,Norwich,2,0,17,10,11,2,13,10,8,4,1,1,0,0,H
28-12-04,Portsmouth,Chelsea,0,2,4,12,2,9,12,15,5,4,1,3,0,0,A
28-12-04,Tottenham,Crystal Palace,1,1,17,11,14,7,10,15,5,6,1,0,0,0,D
29-12-04,Newcastle,Arsenal,0,1,9,13,5,6,10,21,4,8,1,4,0,0,A
01-01-05,Aston Villa,Blackburn,1,0,11,9,3,4,9,9,6,7,1,0,0,0,H
01-01-05,Bolton,West Brom,1,1,25,11,15,7,13,15,7,3,0,1,0,0,D
01-01-05,Charlton,Arsenal,1,3,7,8,4,5,13,15,1,2,1,1,0,0,A
01-01-05,Fulham,Crystal Palace,3,1,12,7,6,3,11,18,4,2,1,3,0,0,H
01-01-05,Liverpool,Chelsea,0,1,14,8,7,7,14,16,3,2,2,2,0,0,A
01-01-05,Man City,Southampton,2,1,15,6,8,1,12,9,9,8,0,0,0,0,H
01-01-05,Middlesbrough,Man United,0,2,6,13,2,7,13,9,10,4,1,0,0,0,A
01-01-05,Newcastle,Birmingham,2,1,8,10,4,8,8,14,6,5,1,2,0,0,H
01-01-05,Portsmouth,Norwich,1,1,14,6,6,5,13,6,7,5,3,0,0,1,D
01-01-05,Tottenham,Everton,5,2,14,6,12,3,8,13,6,4,0,0,0,0,H
03-01-05,Blackburn,Charlton,1,0,16,9,11,6,11,14,6,8,2,3,0,0,H
03-01-05,Crystal Palace,Aston Villa,2,0,14,12,9,6,8,14,7,7,2,3,0,0,H
03-01-05,Norwich,Liverpool,1,2,7,11,4,6,16,19,5,2,2,3,0,0,A
03-01-05,West Brom,Newcastle,0,0,8,12,5,7,9,7,1,6,2,0,0,0,D
04-01-05,Arsenal,Man City,1,1,13,5,9,4,10,13,12,5,3,3,0,0,D
04-01-05,Birmingham,Bolton,1,2,14,11,8,6,12,12,6,5,2,2,0,0,A
04-01-05,Chelsea,Middlesbrough,2,0,14,2,10,1,15,9,4,3,2,1,0,0,H
04-01-05,Everton,Portsmouth,2,1,17,9,7,6,5,9,8,1,0,0,0,0,H
04-01-05,Man United,Tottenham,0,0,23,7,16,5,11,13,8,2,1,2,0,0,D
05-01-05,Southampton,Fulham,3,3,8,12,5,7,16,16,2,10,2,2,0,0,D
15-01-05,Aston Villa,Norwich,3,0,22,7,10,1,15,12,7,5,0,0,0,0,H
15-01-05,Bolton,Arsenal,1,0,9,11,3,7,8,8,8,7,2,1,0,0,H
15-01-05,Charlton,Birmingham,3,1,10,10,6,6,11,10,4,4,0,2,0,0,H
15-01-05,Liverpool,Man United,0,1,13,5,5,2,12,25,9,4,2,4,0,1,A
15-01-05,Man City,Crystal Palace,3,1,16,7,9,2,10,11,7,7,2,1,0,0,H
15-01-05,Newcastle,Southampton,2,1,22,9,17,6,12,20,14,4,0,2,0,0,H
15-01-05,Portsmouth,Blackburn,0,1,11,14,1,6,13,23,5,6,2,6,2,0,A
15-01-05,Tottenham,Chelsea,0,2,12,12,4,5,14,12,4,7,2,4,0,0,A
16-01-05,Fulham,West Brom,1,0,8,7,4,6,12,12,7,5,3,1,0,0,H
16-01-05,Middlesbrough,Everton,1,1,18,13,12,5,12,10,9,6,1,2,0,0,D
22-01-05,Birmingham,Fulham,1,2,8,6,5,3,16,11,5,3,1,3,0,0,A
22-01-05,Chelsea,Portsmouth,3,0,14,9,9,5,2,9,2,3,0,0,0,0,H
22-01-05,Crystal Palace,Tottenham,3,0,8,12,7,6,9,14,5,4,1,2,0,0,H
22-01-05,Everton,Charlton,0,1,12,4,7,3,13,10,9,5,1,2,0,0,A
22-01-05,Man United,Aston Villa,3,1,18,10,11,6,11,21,4,2,2,5,0,0,H
22-01-05,Norwich,Middlesbrough,4,4,17,22,9,15,11,16,5,8,0,3,0,0,D
22-01-05,Southampton,Liverpool,2,0,11,11,7,2,10,12,6,3,1,2,0,0,H
22-01-05,West Brom,Man City,2,0,13,11,6,5,9,12,3,11,2,0,0,0,H
23-01-05,Arsenal,Newcastle,1,0,13,4,8,1,17,19,11,1,2,3,0,0,H
24-01-05,Blackburn,Bolton,0,1,9,6,4,3,16,19,7,7,1,4,0,0,A
01-02-05,Arsenal,Man United,2,4,11,10,10,9,20,16,6,7,2,4,0,1,A
01-02-05,Bolton,Tottenham,3,1,15,11,9,5,9,17,4,6,0,2,0,1,H
01-02-05,Charlton,Liverpool,1,2,4,19,3,7,11,15,3,7,0,0,0,0,A
01-02-05,Portsmouth,Middlesbrough,2,1,14,9,5,2,9,8,9,5,1,2,0,0,H
01-02-05,West Brom,Crystal Palace,2,2,12,4,7,4,17,11,8,4,1,0,0,1,D
02-02-05,Birmingham,Southampton,2,1,12,6,4,3,11,18,8,1,0,2,0,0,H
02-02-05,Blackburn,Chelsea,0,1,11,6,2,3,24,15,4,4,2,2,0,0,A
02-02-05,Everton,Norwich,1,0,18,11,4,6,12,16,3,3,1,0,0,0,H
02-02-05,Fulham,Aston Villa,1,1,12,12,3,2,12,17,4,8,1,3,0,0,D
02-02-05,Man City,Newcastle,1,1,5,3,1,1,11,18,3,1,2,3,0,0,D
05-02-05,Aston Villa,Arsenal,1,3,5,15,1,6,13,11,5,2,2,0,0,0,A
05-02-05,Crystal Palace,Bolton,0,1,17,9,7,6,16,10,6,4,0,1,0,0,A
05-02-05,Liverpool,Fulham,3,1,10,6,7,2,12,13,4,3,1,4,0,0,H
05-02-05,Man United,Birmingham,2,0,17,7,11,1,10,16,5,2,1,3,0,0,H
05-02-05,Middlesbrough,Blackburn,1,0,13,6,7,3,14,10,8,10,1,2,1,0,H
05-02-05,Newcastle,Charlton,1,1,21,8,10,2,10,12,7,2,1,1,0,0,D
05-02-05,Norwich,West Brom,3,2,13,15,7,8,18,13,3,3,0,3,0,0,H
05-02-05,Tottenham,Portsmouth,3,1,18,6,10,3,10,8,9,2,0,0,0,0,H
06-02-05,Chelsea,Man City,0,0,11,5,8,2,9,11,7,1,2,1,0,0,D
06-02-05,Southampton,Everton,2,2,21,8,9,4,15,11,8,3,0,2,0,0,D
12-02-05,Birmingham,Liverpool,2,0,5,6,3,2,16,10,10,4,2,0,0,0,H
12-02-05,Blackburn,Norwich,3,0,18,9,13,6,15,14,12,3,2,1,0,0,H
12-02-05,Bolton,Middlesbrough,0,0,13,5,8,2,11,15,3,2,0,1,0,0,D
12-02-05,Everton,Chelsea,0,1,4,25,2,11,14,9,3,9,1,2,1,0,A
12-02-05,Portsmouth,Aston Villa,1,2,9,6,3,4,14,22,6,3,2,1,0,0,A
13-02-05,Man City,Man United,0,2,9,10,3,3,9,14,4,6,2,3,0,0,A
14-02-05,Arsenal,Crystal Palace,5,1,17,6,12,3,8,17,5,1,1,2,0,0,H
22-02-05,West Brom,Southampton,0,0,9,11,4,7,15,15,7,3,2,3,0,0,D
26-02-05,Aston Villa,Everton,1,3,9,15,6,9,22,17,3,7,3,0,0,0,A
26-02-05,Crystal Palace,Birmingham,2,0,8,9,2,5,23,15,4,7,3,3,0,0,H
26-02-05,Man United,Portsmouth,2,1,13,8,6,4,15,15,4,3,1,2,0,0,H
26-02-05,Southampton,Arsenal,1,1,10,17,3,12,9,13,3,5,1,1,1,1,D
26-02-05,Tottenham,Fulham,2,0,18,8,8,5,6,13,13,2,0,1,0,0,H
27-02-05,Middlesbrough,Charlton,2,2,21,5,18,2,10,15,10,1,0,3,0,0,D
27-02-05,Newcastle,Bolton,2,1,14,4,9,2,12,19,6,3,0,2,0,0,H
28-02-05,Norwich,Man City,2,3,5,17,4,10,12,7,3,12,2,2,1,0,A
05-03-05,Arsenal,Portsmouth,3,0,11,5,6,2,12,15,7,3,0,2,0,0,H
05-03-05,Aston Villa,Middlesbrough,2,0,8,5,4,1,8,6,5,4,1,2,0,0,H
05-03-05,Crystal Palace,Man United,0,0,2,16,1,9,12,9,2,7,5,4,1,0,D
05-03-05,Fulham,Charlton,0,0,10,9,5,6,9,12,5,5,3,2,0,0,D
05-03-05,Newcastle,Liverpool,1,0,13,6,4,3,11,16,5,4,2,2,0,0,H
05-03-05,Norwich,Chelsea,1,3,8,23,5,13,14,15,7,7,1,2,0,0,A
05-03-05,Southampton,Tottenham,1,0,9,13,4,8,7,11,4,10,1,2,0,0,H
06-03-05,Everton,Blackburn,0,1,12,11,4,5,15,20,6,3,3,2,0,0,A
06-03-05,West Brom,Birmingham,2,0,12,7,7,0,16,18,13,3,1,1,0,0,H
07-03-05,Man City,Bolton,0,1,8,11,3,3,10,21,5,5,1,2,0,0,A
15-03-05,Chelsea,West Brom,1,0,23,7,11,4,13,9,8,3,0,1,0,0,H
16-03-05,Charlton,Tottenham,2,0,5,7,2,4,15,16,5,2,1,4,0,0,H
16-03-05,Liverpool,Blackburn,0,0,7,5,2,2,12,13,11,3,1,1,0,0,D
19-03-05,Blackburn,Arsenal,0,1,9,10,2,8,21,8,4,6,3,1,0,0,A
19-03-05,Bolton,Norwich,1,0,16,6,10,2,20,16,7,6,3,1,0,0,H
19-03-05,Charlton,West Brom,1,4,8,14,5,9,11,8,3,9,0,0,1,0,A
19-03-05,Chelsea,Crystal Palace,4,1,20,6,13,3,13,16,10,4,1,0,0,0,H
19-03-05,Man United,Fulham,1,0,19,10,12,6,7,11,18,3,0,1,0,0,H
19-03-05,Portsmouth,Newcastle,1,1,13,11,6,6,15,19,4,3,5,4,0,0,D
19-03-05,Tottenham,Man City,2,1,12,11,9,7,13,13,6,4,2,3,0,0,H
20-03-05,Birmingham,Aston Villa,2,0,10,5,4,4,12,20,2,3,3,3,0,0,H
20-03-05,Liverpool,Everton,2,1,15,4,8,2,13,15,5,1,1,4,1,0,H
20-03-05,Middlesbrough,Southampton,1,3,14,12,8,7,20,17,3,6,0,0,0,0,A
02-04-05,Arsenal,Norwich,4,1,21,3,15,1,8,11,10,3,1,0,0,0,H
02-04-05,Birmingham,Tottenham,1,1,14,9,7,5,6,10,3,3,0,1,0,0,D
02-04-05,Charlton,Man City,2,2,9,16,3,8,6,8,6,7,1,0,0,0,D
02-04-05,Crystal Palace,Middlesbrough,0,1,23,7,13,5,6,19,8,3,0,4,0,0,A
02-04-05,Liverpool,Bolton,1,0,10,13,7,5,6,13,4,12,1,3,0,0,H
02-04-05,Man United,Blackburn,0,0,23,9,9,3,21,18,9,3,3,2,0,0,D
02-04-05,Newcastle,Aston Villa,0,3,20,8,12,5,14,24,8,6,1,2,3,0,A
02-04-05,Southampton,Chelsea,1,3,4,12,3,8,11,10,4,3,0,2,0,0,A
03-04-05,Fulham,Portsmouth,3,1,12,8,7,4,14,10,5,5,3,3,0,0,H
03-04-05,West Brom,Everton,1,0,8,8,4,2,15,20,7,7,1,2,0,0,H
09-04-05,Blackburn,Southampton,3,0,15,9,8,3,19,14,4,2,2,1,0,0,H
09-04-05,Bolton,Fulham,3,1,15,7,10,4,6,14,4,6,0,2,0,1,H
09-04-05,Chelsea,Birmingham,1,1,19,2,12,1,17,12,8,5,2,2,0,0,D
09-04-05,Man City,Liverpool,1,0,11,6,8,1,8,11,5,2,1,1,0,0,H
09-04-05,Middlesbrough,Arsenal,0,1,9,7,6,1,11,9,5,3,1,1,0,0,A
09-04-05,Norwich,Man United,2,0,7,16,5,8,19,18,3,4,2,2,0,0,H
09-04-05,Portsmouth,Charlton,4,2,13,8,9,4,11,14,5,4,1,3,0,0,H
10-04-05,Aston Villa,West Brom,1,1,14,7,7,5,6,10,5,5,1,2,1,1,D
10-04-05,Everton,Crystal Palace,4,0,13,11,8,3,10,14,4,9,1,1,0,0,H
10-04-05,Tottenham,Newcastle,1,0,19,6,6,3,9,15,4,7,2,2,0,0,H
16-04-05,Birmingham,Portsmouth,0,0,9,5,4,4,16,12,7,5,1,2,0,0,D
16-04-05,Charlton,Bolton,1,2,18,11,10,5,10,14,8,2,0,1,0,0,A
16-04-05,Crystal Palace,Norwich,3,3,12,12,10,8,17,21,7,3,2,2,0,0,D
16-04-05,Fulham,Man City,1,1,8,7,3,3,9,19,6,8,0,1,0,0,D
16-04-05,Liverpool,Tottenham,2,2,18,9,7,6,5,7,12,3,0,0,0,0,D
16-04-05,Southampton,Aston Villa,2,3,16,11,8,7,10,17,5,8,1,2,0,0,A
19-04-05,Bolton,Southampton,1,1,22,5,16,4,9,9,5,2,2,0,0,0,D
19-04-05,Middlesbrough,Fulham,1,1,8,7,4,2,11,12,2,6,1,0,0,0,D
20-04-05,Aston Villa,Charlton,0,0,13,12,5,3,14,9,6,5,0,1,0,0,D
20-04-05,Blackburn,Crystal Palace,1,0,18,4,7,3,11,19,11,6,3,2,0,0,H
20-04-05,Chelsea,Arsenal,0,0,9,6,3,4,10,16,2,2,1,3,0,0,D
20-04-05,Everton,Man United,1,0,7,16,3,11,18,17,4,5,3,2,0,2,H
20-04-05,Man City,Birmingham,3,0,8,5,4,1,11,9,8,3,0,1,0,0,H
20-04-05,Norwich,Newcastle,2,1,15,24,8,10,12,11,6,6,0,0,0,0,H
20-04-05,Portsmouth,Liverpool,1,2,8,19,6,12,10,8,5,4,1,0,0,0,A
20-04-05,Tottenham,West Brom,1,1,15,10,5,4,12,12,7,3,2,0,0,0,D
23-04-05,Aston Villa,Bolton,1,1,13,12,10,6,17,13,7,5,0,2,0,0,D
23-04-05,Blackburn,Man City,0,0,11,7,5,1,20,17,6,2,0,0,0,0,D
23-04-05,Chelsea,Fulham,3,1,12,10,7,4,7,11,4,6,1,1,0,0,H
23-04-05,Crystal Palace,Liverpool,1,0,6,9,3,7,19,14,4,1,2,5,0,0,H
23-04-05,Everton,Birmingham,1,1,11,9,6,4,18,18,9,5,2,3,0,0,D
23-04-05,Middlesbrough,West Brom,4,0,12,15,8,9,12,12,1,4,1,1,0,0,H
23-04-05,Norwich,Charlton,1,0,13,11,6,6,8,9,7,8,1,1,0,0,H
24-04-05,Man United,Newcastle,2,1,18,11,10,5,8,20,9,4,1,0,0,0,H
24-04-05,Portsmouth,Southampton,4,1,18,11,8,8,15,11,4,7,2,1,0,0,H
25-04-05,Arsenal,Tottenham,1,0,12,7,3,1,17,15,4,7,0,4,0,0,H
26-04-05,West Brom,Blackburn,1,1,9,14,3,7,13,15,6,4,3,4,0,0,D
27-04-05,Newcastle,Middlesbrough,0,0,11,5,5,3,8,9,7,1,1,2,0,0,D
30-04-05,Birmingham,Blackburn,2,1,10,5,6,1,15,16,6,1,2,1,0,0,H
30-04-05,Bolton,Chelsea,0,2,14,8,6,5,17,14,7,2,4,1,0,0,A
30-04-05,Fulham,Everton,2,0,11,11,6,4,18,16,3,7,1,3,1,0,H
30-04-05,Liverpool,Middlesbrough,1,1,12,6,6,3,10,20,7,4,2,3,0,0,D
30-04-05,Man City,Portsmouth,2,0,13,7,7,3,14,6,7,5,0,1,0,0,H
30-04-05,Newcastle,Crystal Palace,0,0,16,7,9,3,16,15,5,2,1,1,0,0,D
30-04-05,Southampton,Norwich,4,3,15,14,9,7,18,13,6,8,3,2,0,0,H
01-05-05,Charlton,Man United,0,4,6,18,4,12,6,15,1,7,0,2,1,0,A
01-05-05,Tottenham,Aston Villa,5,1,20,4,14,3,13,17,9,3,1,2,0,0,H
02-05-05,West Brom,Arsenal,0,2,7,8,3,5,12,11,9,0,0,0,0,0,A
04-05-05,Fulham,Newcastle,1,3,6,4,3,3,11,13,1,2,1,1,0,0,A
07-05-05,Aston Villa,Man City,1,2,15,10,8,4,8,18,6,2,1,1,0,0,A
07-05-05,Blackburn,Fulham,1,3,13,8,6,6,11,23,8,5,2,2,1,1,A
07-05-05,Chelsea,Charlton,1,0,15,6,6,3,7,13,2,5,0,0,0,0,H
07-05-05,Crystal Palace,Southampton,2,2,14,7,6,3,16,18,5,2,3,1,1,1,D
07-05-05,Everton,Newcastle,2,0,8,9,6,4,22,11,3,2,3,1,0,1,H
07-05-05,Man United,West Brom,1,1,27,2,14,0,10,13,12,0,1,0,0,0,D
07-05-05,Middlesbrough,Tottenham,1,0,16,5,8,2,14,10,4,3,1,3,0,0,H
07-05-05,Norwich,Birmingham,1,0,8,22,4,9,20,10,1,7,1,5,0,1,H
07-05-05,Portsmouth,Bolton,1,1,9,12,4,4,12,23,2,9,0,2,0,0,D
08-05-05,Arsenal,Liverpool,3,1,11,11,8,6,13,10,1,4,0,2,0,0,H
10-05-05,Man United,Chelsea,1,3,15,7,9,6,11,14,7,0,2,3,0,0,A
11-05-05,Arsenal,Everton,7,0,19,7,12,3,9,12,4,2,2,0,0,0,H
15-05-05,Birmingham,Arsenal,2,1,9,11,4,5,10,8,3,2,1,0,0,0,H
15-05-05,Bolton,Everton,3,2,16,10,9,5,12,17,5,6,2,1,1,0,H
15-05-05,Charlton,Crystal Palace,2,2,8,9,5,6,14,14,3,8,2,2,0,0,D
15-05-05,Fulham,Norwich,6,0,13,2,9,0,11,12,4,13,0,1,0,0,H
15-05-05,Liverpool,Aston Villa,2,1,15,13,7,4,10,16,9,5,0,0,0,0,H
15-05-05,Man City,Middlesbrough,1,1,10,4,5,3,12,15,10,3,2,4,0,0,D
15-05-05,Newcastle,Chelsea,1,1,8,12,4,7,11,17,6,4,4,4,0,0,D
15-05-05,Southampton,Man United,1,2,11,16,3,8,14,13,5,3,1,2,0,0,A
15-05-05,Tottenham,Blackburn,0,0,11,12,7,8,10,14,5,7,2,2,0,0,D
15-05-05,West Brom,Portsmouth,2,0,9,8,5,2,12,13,6,1,0,1,0,0,H
